<?xml version="1.0" encoding="UTF-8"?><?xml-stylesheet type='text/xsl' href='_UpgradeReport_Files/UpgradeReport.xslt'?><UpgradeLog>
<Properties><Property Name="Solution" Value="CrudScaffolding">
</Property><Property Name="Solution File" Value="E:\WorkSpaces\Sandbox\S# VS2010\SharpArchApplicationTemplate\CrudScaffolding\CrudScaffolding.sln">
</Property><Property Name="Date" Value="Saturday, April 24, 2010">
</Property><Property Name="Time" Value="11:00:44 AM">
</Property></Properties><Event ErrorLevel="0" Project="CrudScaffolding" Source="CrudScaffolding.csproj" Description="Project file successfully backed up as E:\WorkSpaces\Sandbox\S# VS2010\SharpArchApplicationTemplate\CrudScaffolding\Backup\CrudScaffolding.csproj">
</Event><Event ErrorLevel="1" Project="CrudScaffolding" Source="PLACE_HOLDER_COMMON_ASSEMLY_INFO_LOCATION" Description="Backed up project may not build.  Project contains linked file: E:\WorkSpaces\Sandbox\S# VS2010\SharpArchApplicationTemplate\CrudScaffolding\Backup\Properties\CommonAssemblyInfo.cs">
</Event><Event ErrorLevel="2" Project="CrudScaffolding" Source="PLACE_HOLDER_COMMON_ASSEMLY_INFO_LOCATION" Description="Failed to backup file as E:\WorkSpaces\Sandbox\S# VS2010\SharpArchApplicationTemplate\CrudScaffolding\Backup\Properties\CommonAssemblyInfo.cs">
</Event><Event ErrorLevel="0" Project="CrudScaffolding" Source="Properties\AssemblyInfo.cs" Description="File successfully backed up as E:\WorkSpaces\Sandbox\S# VS2010\SharpArchApplicationTemplate\CrudScaffolding\Backup\Properties\AssemblyInfo.cs">
</Event><Event ErrorLevel="0" Project="CrudScaffolding" Source="EntityScaffoldingDetails.tt" Description="File successfully backed up as E:\WorkSpaces\Sandbox\S# VS2010\SharpArchApplicationTemplate\CrudScaffolding\Backup\EntityScaffoldingDetails.tt">
</Event><Event ErrorLevel="0" Project="CrudScaffolding" Source="ScaffoldingGeneratorCommand.tt" Description="File successfully backed up as E:\WorkSpaces\Sandbox\S# VS2010\SharpArchApplicationTemplate\CrudScaffolding\Backup\ScaffoldingGeneratorCommand.tt">
</Event><Event ErrorLevel="0" Project="CrudScaffolding" Source="Templates\BaseTemplate.tt" Description="File successfully backed up as E:\WorkSpaces\Sandbox\S# VS2010\SharpArchApplicationTemplate\CrudScaffolding\Backup\Templates\BaseTemplate.tt">
</Event><Event ErrorLevel="0" Project="CrudScaffolding" Source="Templates\Web\Controllers\AreaRegistrationTemplate.tt" Description="File successfully backed up as E:\WorkSpaces\Sandbox\S# VS2010\SharpArchApplicationTemplate\CrudScaffolding\Backup\Templates\Web\Controllers\AreaRegistrationTemplate.tt">
</Event><Event ErrorLevel="0" Project="CrudScaffolding" Source="Templates\Web\Controllers\ControllerTemplate.tt" Description="File successfully backed up as E:\WorkSpaces\Sandbox\S# VS2010\SharpArchApplicationTemplate\CrudScaffolding\Backup\Templates\Web\Controllers\ControllerTemplate.tt">
</Event><Event ErrorLevel="0" Project="CrudScaffolding" Source="Templates\Core\DomainObjectTemplate.tt" Description="File successfully backed up as E:\WorkSpaces\Sandbox\S# VS2010\SharpArchApplicationTemplate\CrudScaffolding\Backup\Templates\Core\DomainObjectTemplate.tt">
</Event><Event ErrorLevel="0" Project="CrudScaffolding" Source="Templates\ScaffoldingGenerator.tt" Description="File successfully backed up as E:\WorkSpaces\Sandbox\S# VS2010\SharpArchApplicationTemplate\CrudScaffolding\Backup\Templates\ScaffoldingGenerator.tt">
</Event><Event ErrorLevel="0" Project="CrudScaffolding" Source="Templates\Tests\Web\Controllers\ControllerTestsTemplate.tt" Description="File successfully backed up as E:\WorkSpaces\Sandbox\S# VS2010\SharpArchApplicationTemplate\CrudScaffolding\Backup\Templates\Tests\Web\Controllers\ControllerTestsTemplate.tt">
</Event><Event ErrorLevel="0" Project="CrudScaffolding" Source="Templates\Tests\Core\DomainObjectTestsTemplate.tt" Description="File successfully backed up as E:\WorkSpaces\Sandbox\S# VS2010\SharpArchApplicationTemplate\CrudScaffolding\Backup\Templates\Tests\Core\DomainObjectTestsTemplate.tt">
</Event><Event ErrorLevel="0" Project="CrudScaffolding" Source="Templates\Web\Views\CreateTemplate.tt" Description="File successfully backed up as E:\WorkSpaces\Sandbox\S# VS2010\SharpArchApplicationTemplate\CrudScaffolding\Backup\Templates\Web\Views\CreateTemplate.tt">
</Event><Event ErrorLevel="0" Project="CrudScaffolding" Source="Templates\Web\Views\EditTemplate.tt" Description="File successfully backed up as E:\WorkSpaces\Sandbox\S# VS2010\SharpArchApplicationTemplate\CrudScaffolding\Backup\Templates\Web\Views\EditTemplate.tt">
</Event><Event ErrorLevel="0" Project="CrudScaffolding" Source="Templates\Web\Views\DomainObjectFormTemplate.tt" Description="File successfully backed up as E:\WorkSpaces\Sandbox\S# VS2010\SharpArchApplicationTemplate\CrudScaffolding\Backup\Templates\Web\Views\DomainObjectFormTemplate.tt">
</Event><Event ErrorLevel="0" Project="CrudScaffolding" Source="Templates\Web\Views\IndexTemplate.tt" Description="File successfully backed up as E:\WorkSpaces\Sandbox\S# VS2010\SharpArchApplicationTemplate\CrudScaffolding\Backup\Templates\Web\Views\IndexTemplate.tt">
</Event><Event ErrorLevel="0" Project="CrudScaffolding" Source="Templates\Web\Views\ShowTemplate.tt" Description="File successfully backed up as E:\WorkSpaces\Sandbox\S# VS2010\SharpArchApplicationTemplate\CrudScaffolding\Backup\Templates\Web\Views\ShowTemplate.tt">
</Event><Event ErrorLevel="0" Project="CrudScaffolding" Source="CrudScaffolding.csproj" Description="Project converted successfully">
</Event><Event ErrorLevel="3" Project="CrudScaffolding" Source="CrudScaffolding.csproj" Description="Converted">
</Event><Event ErrorLevel="0" Project="CrudScaffolding" Source="CrudScaffolding.csproj" Description="Scan complete: Upgrade not required for project files.">
</Event></UpgradeLog>