﻿<?xml version="1.0" encoding="utf-8" ?>
<hibernate-configuration xmlns="urn:nhibernate-configuration-2.2">
	<session-factory>
		<property name="connection.connection_string">Data Source=YOUR_SERVER;Database=$solutionname$;UID=YOUR_USERNAME;pwd=YOUR_PASSWORD;</property>
		<property name="dialect">NHibernate.Dialect.MsSql2005Dialect</property>
		<property name="connection.provider">NHibernate.Connection.DriverConnectionProvider</property>
		<property name="connection.driver_class">NHibernate.Driver.SqlClientDriver</property>
		<property name="show_sql">false</property>
		<property name="connection.release_mode">auto</property>
		<property name="adonet.batch_size">500</property>

		<!-- Mapping assemblies -->
		<!-- Can't map it for Fluent NHibernate here; instead, load the mapping assembly in Global.asax.cs.
			If you're still using HBMs, you can use the mapping here or pass the assembly via Global.asax.cs
			as well, just like you can do with the Fluent NHibernate assembly(s). -->
		<!-- mapping assembly="$solutionname$.Data" -->
	</session-factory>
</hibernate-configuration>
